DROP TABLE IF EXISTS zip_registry;
DROP TABLE IF EXISTS team_registry;
DROP TABLE IF EXISTS bowler_registry;
CREATE TABLE bowler_registry (
  bowler_roster_id TEXT PRIMARY KEY,
  first_name TEXT,
  last_name TEXT,
  team_roster_id TEXT,
  city_zip_note TEXT,
  performance_note TEXT
);
CREATE TABLE team_registry (
  team_roster_id TEXT PRIMARY KEY,
  team_name TEXT,
  captain_token TEXT
);
CREATE TABLE zip_registry (
  zip_code TEXT PRIMARY KEY,
  city_name TEXT,
  state_code TEXT
);
INSERT INTO bowler_registry VALUES ('roster-bowler-001', 'Barbara', 'Fournier', 'roster-team-001', 'city=Bothell; state=WA; zip=98014', 'current_average=148; current_handicap=47; games_bowled=39; total_pins=5790');
INSERT INTO bowler_registry VALUES ('roster-bowler-002', 'David', 'Fournier', 'roster-team-001', 'city=Bothell; state=WA; zip=98014', 'current_average=158; current_handicap=38; games_bowled=39; total_pins=6152');
INSERT INTO bowler_registry VALUES ('roster-bowler-003', 'John', 'Kennedy', 'roster-team-001', 'city=Ballard; state=WA; zip=98154', 'current_average=165; current_handicap=32; games_bowled=39; total_pins=6435');
INSERT INTO bowler_registry VALUES ('roster-bowler-004', 'Sara', 'Sheskey', 'roster-team-001', 'city=Seattle; state=WA; zip=98011', 'current_average=142; current_handicap=52; games_bowled=39; total_pins=5534');
INSERT INTO bowler_registry VALUES ('roster-bowler-005', 'Ann', 'Patterson', 'roster-team-002', 'city=Auburn; state=WA; zip=98002', 'current_average=149; current_handicap=46; games_bowled=39; total_pins=5819');
INSERT INTO bowler_registry VALUES ('roster-bowler-006', 'Neil', 'Patterson', 'roster-team-002', 'city=Auburn; state=WA; zip=98002', 'current_average=158; current_handicap=38; games_bowled=39; total_pins=6150');
INSERT INTO bowler_registry VALUES ('roster-bowler-007', 'David', 'Viescas', 'roster-team-002', 'city=Redmond; state=WA; zip=98052', 'current_average=169; current_handicap=28; games_bowled=39; total_pins=6607');
INSERT INTO bowler_registry VALUES ('roster-bowler-008', 'Stephanie', 'Viescas', 'roster-team-002', 'city=Redmond; state=WA; zip=98052', 'current_average=143; current_handicap=51; games_bowled=39; total_pins=5558');
INSERT INTO bowler_registry VALUES ('roster-bowler-009', 'Alastair', 'Black', 'roster-team-003', 'city=Seattle; state=WA; zip=98105', 'current_average=151; current_handicap=44; games_bowled=39; total_pins=5874');
INSERT INTO bowler_registry VALUES ('roster-bowler-010', 'David', 'Cunningham', 'roster-team-003', 'city=Redmond; state=WA; zip=98052', 'current_average=159; current_handicap=37; games_bowled=39; total_pins=6184');
INSERT INTO bowler_registry VALUES ('roster-bowler-011', 'Angel', 'Kennedy', 'roster-team-003', 'city=Ballard; state=WA; zip=98154', 'current_average=163; current_handicap=33; games_bowled=39; total_pins=6372');
INSERT INTO bowler_registry VALUES ('roster-bowler-012', 'Carol', 'Viescas', 'roster-team-003', 'city=Bellevue; state=WA; zip=98004', 'current_average=143; current_handicap=51; games_bowled=39; total_pins=5560');
INSERT INTO bowler_registry VALUES ('roster-bowler-013', 'Elizabeth', 'Hallmark', 'roster-team-004', 'city=Woodinville; state=WA; zip=98072', 'current_average=152; current_handicap=43; games_bowled=39; total_pins=5928');
INSERT INTO bowler_registry VALUES ('roster-bowler-014', 'Gary', 'Hallmark', 'roster-team-004', 'city=Woodinville; state=WA; zip=98072', 'current_average=157; current_handicap=39; games_bowled=39; total_pins=6116');
INSERT INTO bowler_registry VALUES ('roster-bowler-015', 'Kathryn', 'Patterson', 'roster-team-004', 'city=Auburn; state=WA; zip=98002', 'current_average=162; current_handicap=34; games_bowled=39; total_pins=6313');
INSERT INTO bowler_registry VALUES ('roster-bowler-016', 'Richard', 'Sheskey', 'roster-team-004', 'city=Seattle; state=WA; zip=98011', 'current_average=142; current_handicap=52; games_bowled=39; total_pins=5549');
INSERT INTO bowler_registry VALUES ('roster-bowler-017', 'Kendra', 'Hernandez', 'roster-team-005', 'city=Kirkland; state=WA; zip=98033', 'current_average=150; current_handicap=45; games_bowled=39; total_pins=5854');
INSERT INTO bowler_registry VALUES ('roster-bowler-018', 'Michael', 'Hernandez', 'roster-team-005', 'city=Kirkland; state=WA; zip=98033', 'current_average=157; current_handicap=39; games_bowled=39; total_pins=6125');
INSERT INTO bowler_registry VALUES ('roster-bowler-019', 'John', 'Viescas', 'roster-team-005', 'city=Redmond; state=WA; zip=98052', 'current_average=169; current_handicap=28; games_bowled=39; total_pins=6581');
INSERT INTO bowler_registry VALUES ('roster-bowler-020', 'Suzanne', 'Viescas', 'roster-team-005', 'city=Redmond; state=WA; zip=98052', 'current_average=143; current_handicap=51; games_bowled=39; total_pins=5589');
INSERT INTO bowler_registry VALUES ('roster-bowler-021', 'Zachary', 'Ehrlich', 'roster-team-006', 'city=Seattle; state=WA; zip=98122', 'current_average=148; current_handicap=47; games_bowled=39; total_pins=5767');
INSERT INTO bowler_registry VALUES ('roster-bowler-022', 'Alaina', 'Hallmark', 'roster-team-006', 'city=Woodinville; state=WA; zip=98072', 'current_average=158; current_handicap=38; games_bowled=39; total_pins=6147');
INSERT INTO bowler_registry VALUES ('roster-bowler-023', 'Caleb', 'Viescas', 'roster-team-006', 'city=Redmond; state=WA; zip=98052', 'current_average=165; current_handicap=32; games_bowled=39; total_pins=6422');
INSERT INTO bowler_registry VALUES ('roster-bowler-024', 'Sarah', 'Thompson', 'roster-team-006', 'city=Duvall; state=WA; zip=98019', 'current_average=169; current_handicap=28; games_bowled=39; total_pins=6589');
INSERT INTO bowler_registry VALUES ('roster-bowler-025', 'Megan', 'Patterson', 'roster-team-007', 'city=Auburn; state=WA; zip=98002', 'current_average=150; current_handicap=45; games_bowled=39; total_pins=5843');
INSERT INTO bowler_registry VALUES ('roster-bowler-026', 'Mary', 'Thompson', 'roster-team-007', 'city=Duvall; state=WA; zip=98019', 'current_average=157; current_handicap=39; games_bowled=39; total_pins=6137');
INSERT INTO bowler_registry VALUES ('roster-bowler-027', 'William', 'Thompson', 'roster-team-007', 'city=Duvall; state=WA; zip=98019', 'current_average=167; current_handicap=30; games_bowled=39; total_pins=6532');
INSERT INTO bowler_registry VALUES ('roster-bowler-028', 'Michael', 'Viescas', 'roster-team-007', 'city=Redmond; state=WA; zip=98052', 'current_average=143; current_handicap=51; games_bowled=39; total_pins=5575');
INSERT INTO bowler_registry VALUES ('roster-bowler-029', 'Bailey', 'Hallmark', 'roster-team-008', 'city=Woodinville; state=WA; zip=98072', 'current_average=150; current_handicap=45; games_bowled=39; total_pins=5848');
INSERT INTO bowler_registry VALUES ('roster-bowler-030', 'Rachel', 'Patterson', 'roster-team-008', 'city=Auburn; state=WA; zip=98002', 'current_average=157; current_handicap=39; games_bowled=39; total_pins=6126');
INSERT INTO bowler_registry VALUES ('roster-bowler-031', 'Ben', 'Clothier', 'roster-team-008', 'city=Kirkland; state=WA; zip=98033', 'current_average=164; current_handicap=32; games_bowled=39; total_pins=6387');
INSERT INTO bowler_registry VALUES ('roster-bowler-032', 'Joe', 'Rosales', 'roster-team-008', 'city=Tacoma; state=WA; zip=98404', 'current_average=142; current_handicap=52; games_bowled=39; total_pins=5525');
INSERT INTO bowler_registry VALUES ('roster-bowler-033', 'Kerry', 'Patterson', 'roster-team-007', 'city=Auburn; state=WA; zip=98002', 'current_average=0; current_handicap=0; games_bowled=0; total_pins=0');
INSERT INTO bowler_registry VALUES ('roster-bowler-034', 'Maria', 'Patterson', 'roster-team-007', 'city=Auburn; state=WA; zip=98002', 'current_average=0; current_handicap=0; games_bowled=0; total_pins=0');
INSERT INTO team_registry VALUES ('roster-team-001', 'Marlins', 'captain-bowler-002');
INSERT INTO team_registry VALUES ('roster-team-002', 'Sharks', 'captain-bowler-005');
INSERT INTO team_registry VALUES ('roster-team-003', 'Terrapins', 'captain-bowler-012');
INSERT INTO team_registry VALUES ('roster-team-004', 'Barracudas', 'captain-bowler-016');
INSERT INTO team_registry VALUES ('roster-team-005', 'Dolphins', 'captain-bowler-020');
INSERT INTO team_registry VALUES ('roster-team-006', 'Orcas', 'captain-bowler-024');
INSERT INTO team_registry VALUES ('roster-team-007', 'Manatees', 'captain-bowler-028');
INSERT INTO team_registry VALUES ('roster-team-008', 'Swordfish', 'captain-bowler-032');
INSERT INTO team_registry VALUES ('roster-team-009', 'Huckleberrys', 'captain-bowler-007');
INSERT INTO team_registry VALUES ('roster-team-010', 'Never Show Ups', 'captain-bowler-022');
INSERT INTO zip_registry VALUES ('98001', 'Auburn', 'WA');
INSERT INTO zip_registry VALUES ('98002', 'Auburn', 'WA');
INSERT INTO zip_registry VALUES ('98003', 'Federal Way', 'WA');
INSERT INTO zip_registry VALUES ('98004', 'Bellevue', 'WA');
INSERT INTO zip_registry VALUES ('98005', 'Bellevue', 'WA');
INSERT INTO zip_registry VALUES ('98006', 'Bellevue', 'WA');
INSERT INTO zip_registry VALUES ('98007', 'Bellevue', 'WA');
INSERT INTO zip_registry VALUES ('98008', 'Bellevue', 'WA');
INSERT INTO zip_registry VALUES ('98010', 'Black Diamond', 'WA');
INSERT INTO zip_registry VALUES ('98011', 'Bothell', 'WA');
INSERT INTO zip_registry VALUES ('98012', 'Bothell', 'WA');
INSERT INTO zip_registry VALUES ('98014', 'Carnation', 'WA');
INSERT INTO zip_registry VALUES ('98019', 'Duvall', 'WA');
INSERT INTO zip_registry VALUES ('98020', 'Edmonds', 'WA');
INSERT INTO zip_registry VALUES ('98021', 'Bothell', 'WA');
INSERT INTO zip_registry VALUES ('98022', 'Enumclaw', 'WA');
INSERT INTO zip_registry VALUES ('98023', 'Federal Way', 'WA');
INSERT INTO zip_registry VALUES ('98024', 'Fall City', 'WA');
INSERT INTO zip_registry VALUES ('98026', 'Edmonds', 'WA');
INSERT INTO zip_registry VALUES ('98027', 'Issaquah', 'WA');
INSERT INTO zip_registry VALUES ('98028', 'Kenmore', 'WA');
INSERT INTO zip_registry VALUES ('98029', 'Issaquah', 'WA');
INSERT INTO zip_registry VALUES ('98030', 'Kent', 'WA');
INSERT INTO zip_registry VALUES ('98031', 'Kent', 'WA');
INSERT INTO zip_registry VALUES ('98032', 'Kent', 'WA');
INSERT INTO zip_registry VALUES ('98033', 'Kirkland', 'WA');
INSERT INTO zip_registry VALUES ('98034', 'Kirkland', 'WA');
INSERT INTO zip_registry VALUES ('98036', 'Lynnwood', 'WA');
INSERT INTO zip_registry VALUES ('98037', 'Lynnwood', 'WA');
INSERT INTO zip_registry VALUES ('98038', 'Maple Valley', 'WA');
INSERT INTO zip_registry VALUES ('98039', 'Medina', 'WA');
INSERT INTO zip_registry VALUES ('98040', 'Mercer Island', 'WA');
INSERT INTO zip_registry VALUES ('98042', 'Kent', 'WA');
INSERT INTO zip_registry VALUES ('98043', 'Mountlake Terrace', 'WA');
INSERT INTO zip_registry VALUES ('98045', 'North Bend', 'WA');
INSERT INTO zip_registry VALUES ('98047', 'Pacific', 'WA');
INSERT INTO zip_registry VALUES ('98051', 'Ravensdale', 'WA');
INSERT INTO zip_registry VALUES ('98052', 'Redmond', 'WA');
INSERT INTO zip_registry VALUES ('98053', 'Redmond', 'WA');
INSERT INTO zip_registry VALUES ('98055', 'Renton', 'WA');
INSERT INTO zip_registry VALUES ('98056', 'Renton', 'WA');
INSERT INTO zip_registry VALUES ('98058', 'Renton', 'WA');
INSERT INTO zip_registry VALUES ('98059', 'Renton', 'WA');
INSERT INTO zip_registry VALUES ('98065', 'Snoqualmie', 'WA');
INSERT INTO zip_registry VALUES ('98070', 'Vashon', 'WA');
INSERT INTO zip_registry VALUES ('98072', 'Woodinville', 'WA');
INSERT INTO zip_registry VALUES ('98074', 'Sammamish', 'WA');
INSERT INTO zip_registry VALUES ('98075', 'Sammamish', 'WA');
INSERT INTO zip_registry VALUES ('98077', 'Woodinville', 'WA');
INSERT INTO zip_registry VALUES ('98092', 'Auburn', 'WA');
INSERT INTO zip_registry VALUES ('98101', 'Seattle', 'WA');
INSERT INTO zip_registry VALUES ('98102', 'Seattle', 'WA');
INSERT INTO zip_registry VALUES ('98103', 'Seattle', 'WA');
INSERT INTO zip_registry VALUES ('98104', 'Seattle', 'WA');
INSERT INTO zip_registry VALUES ('98105', 'Seattle', 'WA');
INSERT INTO zip_registry VALUES ('98106', 'Seattle', 'WA');
INSERT INTO zip_registry VALUES ('98107', 'Seattle', 'WA');
INSERT INTO zip_registry VALUES ('98108', 'Seattle', 'WA');
INSERT INTO zip_registry VALUES ('98109', 'Seattle', 'WA');
INSERT INTO zip_registry VALUES ('98110', 'Bainbridge Island', 'WA');
INSERT INTO zip_registry VALUES ('98112', 'Seattle', 'WA');
INSERT INTO zip_registry VALUES ('98115', 'Seattle', 'WA');
INSERT INTO zip_registry VALUES ('98116', 'Seattle', 'WA');
INSERT INTO zip_registry VALUES ('98117', 'Seattle', 'WA');
INSERT INTO zip_registry VALUES ('98118', 'Seattle', 'WA');
INSERT INTO zip_registry VALUES ('98119', 'Seattle', 'WA');
INSERT INTO zip_registry VALUES ('98121', 'Seattle', 'WA');
INSERT INTO zip_registry VALUES ('98122', 'Seattle', 'WA');
INSERT INTO zip_registry VALUES ('98125', 'Seattle', 'WA');
INSERT INTO zip_registry VALUES ('98126', 'Seattle', 'WA');
INSERT INTO zip_registry VALUES ('98131', 'Seattle', 'WA');
INSERT INTO zip_registry VALUES ('98132', 'Seattle', 'WA');
INSERT INTO zip_registry VALUES ('98133', 'Seattle', 'WA');
INSERT INTO zip_registry VALUES ('98134', 'Seattle', 'WA');
INSERT INTO zip_registry VALUES ('98136', 'Seattle', 'WA');
INSERT INTO zip_registry VALUES ('98144', 'Seattle', 'WA');
INSERT INTO zip_registry VALUES ('98146', 'Seattle', 'WA');
INSERT INTO zip_registry VALUES ('98148', 'Seattle', 'WA');
INSERT INTO zip_registry VALUES ('98154', 'Seattle', 'WA');
INSERT INTO zip_registry VALUES ('98155', 'Seattle', 'WA');
INSERT INTO zip_registry VALUES ('98158', 'Seattle', 'WA');
INSERT INTO zip_registry VALUES ('98161', 'Seattle', 'WA');
INSERT INTO zip_registry VALUES ('98164', 'Seattle', 'WA');
INSERT INTO zip_registry VALUES ('98166', 'Seattle', 'WA');
INSERT INTO zip_registry VALUES ('98168', 'Seattle', 'WA');
INSERT INTO zip_registry VALUES ('98174', 'Seattle', 'WA');
INSERT INTO zip_registry VALUES ('98177', 'Seattle', 'WA');
INSERT INTO zip_registry VALUES ('98178', 'Seattle', 'WA');
INSERT INTO zip_registry VALUES ('98188', 'Seattle', 'WA');
INSERT INTO zip_registry VALUES ('98198', 'Seattle', 'WA');
INSERT INTO zip_registry VALUES ('98199', 'Seattle', 'WA');
INSERT INTO zip_registry VALUES ('98201', 'Everett', 'WA');
INSERT INTO zip_registry VALUES ('98203', 'Everett', 'WA');
INSERT INTO zip_registry VALUES ('98204', 'Everett', 'WA');
INSERT INTO zip_registry VALUES ('98205', 'Everett', 'WA');
INSERT INTO zip_registry VALUES ('98208', 'Everett', 'WA');
INSERT INTO zip_registry VALUES ('98220', 'Acme', 'WA');
INSERT INTO zip_registry VALUES ('98221', 'Anacortes', 'WA');
INSERT INTO zip_registry VALUES ('98222', 'Blakely Island', 'WA');
INSERT INTO zip_registry VALUES ('98223', 'Arlington', 'WA');
INSERT INTO zip_registry VALUES ('98225', 'Bellingham', 'WA');
INSERT INTO zip_registry VALUES ('98226', 'Bellingham', 'WA');
INSERT INTO zip_registry VALUES ('98229', 'Bellingham', 'WA');
INSERT INTO zip_registry VALUES ('98230', 'Blaine', 'WA');
INSERT INTO zip_registry VALUES ('98232', 'Bow', 'WA');
INSERT INTO zip_registry VALUES ('98233', 'Burlington', 'WA');
INSERT INTO zip_registry VALUES ('98236', 'Clinton', 'WA');
INSERT INTO zip_registry VALUES ('98237', 'Concrete', 'WA');
INSERT INTO zip_registry VALUES ('98239', 'Coupeville', 'WA');
INSERT INTO zip_registry VALUES ('98240', 'Custer', 'WA');
INSERT INTO zip_registry VALUES ('98241', 'Darrington', 'WA');
INSERT INTO zip_registry VALUES ('98244', 'Deming', 'WA');
INSERT INTO zip_registry VALUES ('98245', 'Eastsound', 'WA');
INSERT INTO zip_registry VALUES ('98247', 'Everson', 'WA');
INSERT INTO zip_registry VALUES ('98248', 'Ferndale', 'WA');
INSERT INTO zip_registry VALUES ('98249', 'Freeland', 'WA');
INSERT INTO zip_registry VALUES ('98250', 'Friday Harbor', 'WA');
INSERT INTO zip_registry VALUES ('98251', 'Gold Bar', 'WA');
INSERT INTO zip_registry VALUES ('98252', 'Granite Falls', 'WA');
INSERT INTO zip_registry VALUES ('98253', 'Greenbank', 'WA');
INSERT INTO zip_registry VALUES ('98257', 'La Conner', 'WA');
INSERT INTO zip_registry VALUES ('98258', 'Lake Stevens', 'WA');
INSERT INTO zip_registry VALUES ('98260', 'Langley', 'WA');
INSERT INTO zip_registry VALUES ('98261', 'Lopez Island', 'WA');
INSERT INTO zip_registry VALUES ('98262', 'Lummi Island', 'WA');
INSERT INTO zip_registry VALUES ('98264', 'Lynden', 'WA');
INSERT INTO zip_registry VALUES ('98266', 'Maple Falls', 'WA');
INSERT INTO zip_registry VALUES ('98267', 'Marblemount', 'WA');
INSERT INTO zip_registry VALUES ('98270', 'Marysville', 'WA');
INSERT INTO zip_registry VALUES ('98271', 'Marysville', 'WA');
INSERT INTO zip_registry VALUES ('98272', 'Monroe', 'WA');
INSERT INTO zip_registry VALUES ('98273', 'Mount Vernon', 'WA');
INSERT INTO zip_registry VALUES ('98274', 'Mount Vernon', 'WA');
INSERT INTO zip_registry VALUES ('98275', 'Mukilteo', 'WA');
INSERT INTO zip_registry VALUES ('98277', 'Oak Harbor', 'WA');
INSERT INTO zip_registry VALUES ('98279', 'Olga', 'WA');
INSERT INTO zip_registry VALUES ('98281', 'Point Roberts', 'WA');
INSERT INTO zip_registry VALUES ('98282', 'Camano Island', 'WA');
INSERT INTO zip_registry VALUES ('98283', 'Rockport', 'WA');
INSERT INTO zip_registry VALUES ('98284', 'Sedro Woolley', 'WA');
INSERT INTO zip_registry VALUES ('98290', 'Snohomish', 'WA');
INSERT INTO zip_registry VALUES ('98292', 'Stanwood', 'WA');
INSERT INTO zip_registry VALUES ('98294', 'Sultan', 'WA');
INSERT INTO zip_registry VALUES ('98295', 'Sumas', 'WA');
INSERT INTO zip_registry VALUES ('98296', 'Snohomish', 'WA');
INSERT INTO zip_registry VALUES ('98303', 'Anderson Island', 'WA');
INSERT INTO zip_registry VALUES ('98304', 'Ashford', 'WA');
INSERT INTO zip_registry VALUES ('98305', 'Beaver', 'WA');
INSERT INTO zip_registry VALUES ('98310', 'Bremerton', 'WA');
INSERT INTO zip_registry VALUES ('98311', 'Bremerton', 'WA');
INSERT INTO zip_registry VALUES ('98312', 'Bremerton', 'WA');
INSERT INTO zip_registry VALUES ('98315', 'Silverdale', 'WA');
INSERT INTO zip_registry VALUES ('98320', 'Brinnon', 'WA');
INSERT INTO zip_registry VALUES ('98321', 'Buckley', 'WA');
INSERT INTO zip_registry VALUES ('98323', 'Carbonado', 'WA');
INSERT INTO zip_registry VALUES ('98325', 'Chimacum', 'WA');
INSERT INTO zip_registry VALUES ('98326', 'Clallam Bay', 'WA');
INSERT INTO zip_registry VALUES ('98327', 'Dupont', 'WA');
INSERT INTO zip_registry VALUES ('98328', 'Eatonville', 'WA');
INSERT INTO zip_registry VALUES ('98329', 'Gig Harbor', 'WA');
INSERT INTO zip_registry VALUES ('98330', 'Elbe', 'WA');
INSERT INTO zip_registry VALUES ('98331', 'Forks', 'WA');
INSERT INTO zip_registry VALUES ('98332', 'Gig Harbor', 'WA');
INSERT INTO zip_registry VALUES ('98333', 'Fox Island', 'WA');
INSERT INTO zip_registry VALUES ('98335', 'Gig Harbor', 'WA');
INSERT INTO zip_registry VALUES ('98336', 'Glenoma', 'WA');
INSERT INTO zip_registry VALUES ('98337', 'Bremerton', 'WA');
INSERT INTO zip_registry VALUES ('98338', 'Graham', 'WA');
INSERT INTO zip_registry VALUES ('98339', 'Port Hadlock', 'WA');
INSERT INTO zip_registry VALUES ('98340', 'Hansville', 'WA');
INSERT INTO zip_registry VALUES ('98342', 'Indianola', 'WA');
INSERT INTO zip_registry VALUES ('98346', 'Kingston', 'WA');
INSERT INTO zip_registry VALUES ('98349', 'Lakebay', 'WA');
INSERT INTO zip_registry VALUES ('98351', 'Longbranch', 'WA');
INSERT INTO zip_registry VALUES ('98354', 'Milton', 'WA');
INSERT INTO zip_registry VALUES ('98355', 'Mineral', 'WA');
INSERT INTO zip_registry VALUES ('98356', 'Morton', 'WA');
INSERT INTO zip_registry VALUES ('98358', 'Nordland', 'WA');
INSERT INTO zip_registry VALUES ('98359', 'Olalla', 'WA');
INSERT INTO zip_registry VALUES ('98360', 'Orting', 'WA');
INSERT INTO zip_registry VALUES ('98361', 'Packwood', 'WA');
INSERT INTO zip_registry VALUES ('98362', 'Port Angeles', 'WA');
INSERT INTO zip_registry VALUES ('98363', 'Port Angeles', 'WA');
INSERT INTO zip_registry VALUES ('98365', 'Port Ludlow', 'WA');
INSERT INTO zip_registry VALUES ('98366', 'Port Orchard', 'WA');
INSERT INTO zip_registry VALUES ('98367', 'Port Orchard', 'WA');
INSERT INTO zip_registry VALUES ('98368', 'Port Townsend', 'WA');
INSERT INTO zip_registry VALUES ('98370', 'Poulsbo', 'WA');
INSERT INTO zip_registry VALUES ('98371', 'Puyallup', 'WA');
INSERT INTO zip_registry VALUES ('98372', 'Puyallup', 'WA');
INSERT INTO zip_registry VALUES ('98373', 'Puyallup', 'WA');
INSERT INTO zip_registry VALUES ('98374', 'Puyallup', 'WA');
INSERT INTO zip_registry VALUES ('98375', 'Puyallup', 'WA');
INSERT INTO zip_registry VALUES ('98376', 'Quilcene', 'WA');
INSERT INTO zip_registry VALUES ('98377', 'Randle', 'WA');
INSERT INTO zip_registry VALUES ('98380', 'Seabeck', 'WA');
INSERT INTO zip_registry VALUES ('98381', 'Sekiu', 'WA');
INSERT INTO zip_registry VALUES ('98382', 'Sequim', 'WA');
INSERT INTO zip_registry VALUES ('98383', 'Silverdale', 'WA');
INSERT INTO zip_registry VALUES ('98387', 'Spanaway', 'WA');
INSERT INTO zip_registry VALUES ('98388', 'Steilacoom', 'WA');
INSERT INTO zip_registry VALUES ('98390', 'Sumner', 'WA');
INSERT INTO zip_registry VALUES ('98392', 'Suquamish', 'WA');
INSERT INTO zip_registry VALUES ('98394', 'Vaughn', 'WA');
INSERT INTO zip_registry VALUES ('98402', 'Tacoma', 'WA');
INSERT INTO zip_registry VALUES ('98403', 'Tacoma', 'WA');
INSERT INTO zip_registry VALUES ('98404', 'Tacoma', 'WA');
INSERT INTO zip_registry VALUES ('98405', 'Tacoma', 'WA');
INSERT INTO zip_registry VALUES ('98406', 'Tacoma', 'WA');
INSERT INTO zip_registry VALUES ('98407', 'Tacoma', 'WA');
INSERT INTO zip_registry VALUES ('98408', 'Tacoma', 'WA');
INSERT INTO zip_registry VALUES ('98409', 'Tacoma', 'WA');
INSERT INTO zip_registry VALUES ('98413', 'Tacoma', 'WA');
INSERT INTO zip_registry VALUES ('98418', 'Tacoma', 'WA');
INSERT INTO zip_registry VALUES ('98421', 'Tacoma', 'WA');
INSERT INTO zip_registry VALUES ('98422', 'Tacoma', 'WA');
INSERT INTO zip_registry VALUES ('98424', 'Tacoma', 'WA');
INSERT INTO zip_registry VALUES ('98433', 'Tacoma', 'WA');
INSERT INTO zip_registry VALUES ('98439', 'Lakewood', 'WA');
INSERT INTO zip_registry VALUES ('98443', 'Tacoma', 'WA');
INSERT INTO zip_registry VALUES ('98444', 'Tacoma', 'WA');
INSERT INTO zip_registry VALUES ('98445', 'Tacoma', 'WA');
INSERT INTO zip_registry VALUES ('98446', 'Tacoma', 'WA');
INSERT INTO zip_registry VALUES ('98465', 'Tacoma', 'WA');
INSERT INTO zip_registry VALUES ('98466', 'Tacoma', 'WA');
INSERT INTO zip_registry VALUES ('98467', 'University Place', 'WA');
INSERT INTO zip_registry VALUES ('98498', 'Lakewood', 'WA');
INSERT INTO zip_registry VALUES ('98499', 'Lakewood', 'WA');
INSERT INTO zip_registry VALUES ('98501', 'Olympia', 'WA');
INSERT INTO zip_registry VALUES ('98502', 'Olympia', 'WA');
INSERT INTO zip_registry VALUES ('98503', 'Lacey', 'WA');
INSERT INTO zip_registry VALUES ('98506', 'Olympia', 'WA');
INSERT INTO zip_registry VALUES ('98512', 'Olympia', 'WA');
INSERT INTO zip_registry VALUES ('98513', 'Olympia', 'WA');
INSERT INTO zip_registry VALUES ('98516', 'Olympia', 'WA');
INSERT INTO zip_registry VALUES ('98520', 'Aberdeen', 'WA');
INSERT INTO zip_registry VALUES ('98524', 'Allyn', 'WA');
INSERT INTO zip_registry VALUES ('98526', 'Amanda Park', 'WA');
INSERT INTO zip_registry VALUES ('98528', 'Belfair', 'WA');
INSERT INTO zip_registry VALUES ('98531', 'Centralia', 'WA');
INSERT INTO zip_registry VALUES ('98532', 'Chehalis', 'WA');
INSERT INTO zip_registry VALUES ('98533', 'Cinebar', 'WA');
INSERT INTO zip_registry VALUES ('98535', 'Copalis Beach', 'WA');
INSERT INTO zip_registry VALUES ('98536', 'Copalis Crossing', 'WA');
INSERT INTO zip_registry VALUES ('98537', 'Cosmopolis', 'WA');
INSERT INTO zip_registry VALUES ('98538', 'Curtis', 'WA');
INSERT INTO zip_registry VALUES ('98541', 'Elma', 'WA');
INSERT INTO zip_registry VALUES ('98542', 'Ethel', 'WA');
INSERT INTO zip_registry VALUES ('98546', 'Grapeview', 'WA');
INSERT INTO zip_registry VALUES ('98547', 'Grayland', 'WA');
INSERT INTO zip_registry VALUES ('98548', 'Hoodsport', 'WA');
INSERT INTO zip_registry VALUES ('98550', 'Hoquiam', 'WA');
INSERT INTO zip_registry VALUES ('98552', 'Humptulips', 'WA');
INSERT INTO zip_registry VALUES ('98555', 'Lilliwaup', 'WA');
INSERT INTO zip_registry VALUES ('98557', 'McCleary', 'WA');
INSERT INTO zip_registry VALUES ('98560', 'Matlock', 'WA');
INSERT INTO zip_registry VALUES ('98563', 'Montesano', 'WA');
INSERT INTO zip_registry VALUES ('98564', 'Mossyrock', 'WA');
INSERT INTO zip_registry VALUES ('98568', 'Oakville', 'WA');
INSERT INTO zip_registry VALUES ('98569', 'Ocean Shores', 'WA');
INSERT INTO zip_registry VALUES ('98570', 'Onalaska', 'WA');
INSERT INTO zip_registry VALUES ('98572', 'Pe Ell', 'WA');
INSERT INTO zip_registry VALUES ('98575', 'Quinault', 'WA');
INSERT INTO zip_registry VALUES ('98576', 'Rainier', 'WA');
INSERT INTO zip_registry VALUES ('98577', 'Raymond', 'WA');
INSERT INTO zip_registry VALUES ('98579', 'Rochester', 'WA');
INSERT INTO zip_registry VALUES ('98580', 'Roy', 'WA');
INSERT INTO zip_registry VALUES ('98581', 'Ryderwood', 'WA');
INSERT INTO zip_registry VALUES ('98582', 'Salkum', 'WA');
INSERT INTO zip_registry VALUES ('98584', 'Shelton', 'WA');
INSERT INTO zip_registry VALUES ('98585', 'Silver Creek', 'WA');
INSERT INTO zip_registry VALUES ('98586', 'South Bend', 'WA');
INSERT INTO zip_registry VALUES ('98588', 'Tahuya', 'WA');
INSERT INTO zip_registry VALUES ('98589', 'Tenino', 'WA');
INSERT INTO zip_registry VALUES ('98590', 'Tokeland', 'WA');
INSERT INTO zip_registry VALUES ('98591', 'Toledo', 'WA');
INSERT INTO zip_registry VALUES ('98592', 'Union', 'WA');
INSERT INTO zip_registry VALUES ('98593', 'Vader', 'WA');
INSERT INTO zip_registry VALUES ('98595', 'Westport', 'WA');
INSERT INTO zip_registry VALUES ('98596', 'Winlock', 'WA');
INSERT INTO zip_registry VALUES ('98597', 'Yelm', 'WA');
INSERT INTO zip_registry VALUES ('98601', 'Amboy', 'WA');
INSERT INTO zip_registry VALUES ('98602', 'Appleton', 'WA');
INSERT INTO zip_registry VALUES ('98603', 'Ariel', 'WA');
INSERT INTO zip_registry VALUES ('98604', 'Battle Ground', 'WA');
INSERT INTO zip_registry VALUES ('98605', 'Bingen', 'WA');
INSERT INTO zip_registry VALUES ('98606', 'Brush Prairie', 'WA');
INSERT INTO zip_registry VALUES ('98607', 'Camas', 'WA');
INSERT INTO zip_registry VALUES ('98609', 'Carrolls', 'WA');
INSERT INTO zip_registry VALUES ('98610', 'Carson', 'WA');
INSERT INTO zip_registry VALUES ('98611', 'Castle Rock', 'WA');
INSERT INTO zip_registry VALUES ('98612', 'Cathlamet', 'WA');
INSERT INTO zip_registry VALUES ('98613', 'Centerville', 'WA');
INSERT INTO zip_registry VALUES ('98616', 'Cougar', 'WA');
INSERT INTO zip_registry VALUES ('98619', 'Glenwood', 'WA');
INSERT INTO zip_registry VALUES ('98620', 'Goldendale', 'WA');
INSERT INTO zip_registry VALUES ('98621', 'Grays River', 'WA');
INSERT INTO zip_registry VALUES ('98624', 'Ilwaco', 'WA');
INSERT INTO zip_registry VALUES ('98625', 'Kalama', 'WA');
INSERT INTO zip_registry VALUES ('98626', 'Kelso', 'WA');
INSERT INTO zip_registry VALUES ('98628', 'Klickitat', 'WA');
INSERT INTO zip_registry VALUES ('98629', 'La Center', 'WA');
INSERT INTO zip_registry VALUES ('98631', 'Long Beach', 'WA');
INSERT INTO zip_registry VALUES ('98632', 'Longview', 'WA');
INSERT INTO zip_registry VALUES ('98635', 'Lyle', 'WA');
INSERT INTO zip_registry VALUES ('98638', 'Naselle', 'WA');
INSERT INTO zip_registry VALUES ('98640', 'Ocean Park', 'WA');
INSERT INTO zip_registry VALUES ('98642', 'Ridgefield', 'WA');
INSERT INTO zip_registry VALUES ('98643', 'Rosburg', 'WA');
INSERT INTO zip_registry VALUES ('98645', 'Silverlake', 'WA');
INSERT INTO zip_registry VALUES ('98647', 'Skamokawa', 'WA');
INSERT INTO zip_registry VALUES ('98648', 'Stevenson', 'WA');
INSERT INTO zip_registry VALUES ('98649', 'Toutle', 'WA');
INSERT INTO zip_registry VALUES ('98650', 'Trout Lake', 'WA');
INSERT INTO zip_registry VALUES ('98651', 'Underwood', 'WA');
INSERT INTO zip_registry VALUES ('98660', 'Vancouver', 'WA');
INSERT INTO zip_registry VALUES ('98661', 'Vancouver', 'WA');
INSERT INTO zip_registry VALUES ('98662', 'Vancouver', 'WA');
INSERT INTO zip_registry VALUES ('98663', 'Vancouver', 'WA');
INSERT INTO zip_registry VALUES ('98664', 'Vancouver', 'WA');
INSERT INTO zip_registry VALUES ('98665', 'Vancouver', 'WA');
INSERT INTO zip_registry VALUES ('98670', 'Wahkiacus', 'WA');
INSERT INTO zip_registry VALUES ('98671', 'Washougal', 'WA');
INSERT INTO zip_registry VALUES ('98672', 'White Salmon', 'WA');
INSERT INTO zip_registry VALUES ('98674', 'Woodland', 'WA');
INSERT INTO zip_registry VALUES ('98675', 'Yacolt', 'WA');
INSERT INTO zip_registry VALUES ('98682', 'Vancouver', 'WA');
INSERT INTO zip_registry VALUES ('98683', 'Vancouver', 'WA');
INSERT INTO zip_registry VALUES ('98684', 'Vancouver', 'WA');
INSERT INTO zip_registry VALUES ('98685', 'Vancouver', 'WA');
INSERT INTO zip_registry VALUES ('98686', 'Vancouver', 'WA');
INSERT INTO zip_registry VALUES ('98801', 'Wenatchee', 'WA');
INSERT INTO zip_registry VALUES ('98802', 'East Wenatchee', 'WA');
INSERT INTO zip_registry VALUES ('98812', 'Brewster', 'WA');
INSERT INTO zip_registry VALUES ('98813', 'Bridgeport', 'WA');
INSERT INTO zip_registry VALUES ('98814', 'Carlton', 'WA');
INSERT INTO zip_registry VALUES ('98815', 'Cashmere', 'WA');
INSERT INTO zip_registry VALUES ('98816', 'Chelan', 'WA');
INSERT INTO zip_registry VALUES ('98822', 'Entiat', 'WA');
INSERT INTO zip_registry VALUES ('98823', 'Ephrata', 'WA');
INSERT INTO zip_registry VALUES ('98826', 'Leavenworth', 'WA');
INSERT INTO zip_registry VALUES ('98827', 'Loomis', 'WA');
INSERT INTO zip_registry VALUES ('98828', 'Malaga', 'WA');
INSERT INTO zip_registry VALUES ('98830', 'Mansfield', 'WA');
INSERT INTO zip_registry VALUES ('98831', 'Manson', 'WA');
INSERT INTO zip_registry VALUES ('98832', 'Marlin', 'WA');
INSERT INTO zip_registry VALUES ('98833', 'Mazama', 'WA');
INSERT INTO zip_registry VALUES ('98834', 'Methow', 'WA');
INSERT INTO zip_registry VALUES ('98837', 'Moses Lake', 'WA');
INSERT INTO zip_registry VALUES ('98840', 'Okanogan', 'WA');
INSERT INTO zip_registry VALUES ('98841', 'Omak', 'WA');
INSERT INTO zip_registry VALUES ('98843', 'Orondo', 'WA');
INSERT INTO zip_registry VALUES ('98844', 'Oroville', 'WA');
INSERT INTO zip_registry VALUES ('98845', 'Palisades', 'WA');
INSERT INTO zip_registry VALUES ('98846', 'Pateros', 'WA');
INSERT INTO zip_registry VALUES ('98847', 'Peshastin', 'WA');
INSERT INTO zip_registry VALUES ('98848', 'Quincy', 'WA');
INSERT INTO zip_registry VALUES ('98849', 'Riverside', 'WA');
INSERT INTO zip_registry VALUES ('98850', 'Rock Island', 'WA');
INSERT INTO zip_registry VALUES ('98851', 'Soap Lake', 'WA');
INSERT INTO zip_registry VALUES ('98855', 'Tonasket', 'WA');
INSERT INTO zip_registry VALUES ('98856', 'Twisp', 'WA');
INSERT INTO zip_registry VALUES ('98857', 'Warden', 'WA');
INSERT INTO zip_registry VALUES ('98858', 'Waterville', 'WA');
INSERT INTO zip_registry VALUES ('98859', 'Wauconda', 'WA');
INSERT INTO zip_registry VALUES ('98862', 'Winthrop', 'WA');
INSERT INTO zip_registry VALUES ('98901', 'Yakima', 'WA');
INSERT INTO zip_registry VALUES ('98902', 'Yakima', 'WA');
INSERT INTO zip_registry VALUES ('98903', 'Yakima', 'WA');
INSERT INTO zip_registry VALUES ('98908', 'Yakima', 'WA');
INSERT INTO zip_registry VALUES ('98922', 'Cle Elum', 'WA');
INSERT INTO zip_registry VALUES ('98923', 'Cowiche', 'WA');
INSERT INTO zip_registry VALUES ('98926', 'Ellensburg', 'WA');
INSERT INTO zip_registry VALUES ('98929', 'Goose Prairie', 'WA');
INSERT INTO zip_registry VALUES ('98930', 'Grandview', 'WA');
INSERT INTO zip_registry VALUES ('98932', 'Granger', 'WA');
INSERT INTO zip_registry VALUES ('98933', 'Harrah', 'WA');
INSERT INTO zip_registry VALUES ('98935', 'Mabton', 'WA');
INSERT INTO zip_registry VALUES ('98936', 'Moxee', 'WA');
INSERT INTO zip_registry VALUES ('98937', 'Naches', 'WA');
INSERT INTO zip_registry VALUES ('98938', 'Outlook', 'WA');
INSERT INTO zip_registry VALUES ('98942', 'Selah', 'WA');
INSERT INTO zip_registry VALUES ('98944', 'Sunnyside', 'WA');
INSERT INTO zip_registry VALUES ('98946', 'Thorp', 'WA');
INSERT INTO zip_registry VALUES ('98947', 'Tieton', 'WA');
INSERT INTO zip_registry VALUES ('98948', 'Toppenish', 'WA');
INSERT INTO zip_registry VALUES ('98951', 'Wapato', 'WA');
INSERT INTO zip_registry VALUES ('98952', 'White Swan', 'WA');
INSERT INTO zip_registry VALUES ('98953', 'Zillah', 'WA');
INSERT INTO zip_registry VALUES ('99001', 'Airway Heights', 'WA');
INSERT INTO zip_registry VALUES ('99003', 'Chattaroy', 'WA');
INSERT INTO zip_registry VALUES ('99004', 'Cheney', 'WA');
INSERT INTO zip_registry VALUES ('99005', 'Colbert', 'WA');
INSERT INTO zip_registry VALUES ('99006', 'Deer Park', 'WA');
INSERT INTO zip_registry VALUES ('99008', 'Edwall', 'WA');
INSERT INTO zip_registry VALUES ('99009', 'Elk', 'WA');
INSERT INTO zip_registry VALUES ('99011', 'Fairchild AFB', 'WA');
INSERT INTO zip_registry VALUES ('99012', 'Fairfield', 'WA');
INSERT INTO zip_registry VALUES ('99013', 'Ford', 'WA');
INSERT INTO zip_registry VALUES ('99015', 'Freeman', 'WA');
INSERT INTO zip_registry VALUES ('99016', 'Greenacres', 'WA');
INSERT INTO zip_registry VALUES ('99017', 'Lamont', 'WA');
INSERT INTO zip_registry VALUES ('99018', 'Latah', 'WA');
INSERT INTO zip_registry VALUES ('99019', 'Liberty Lake', 'WA');
INSERT INTO zip_registry VALUES ('99021', 'Mead', 'WA');
INSERT INTO zip_registry VALUES ('99022', 'Medical Lake', 'WA');
INSERT INTO zip_registry VALUES ('99023', 'Mica', 'WA');
INSERT INTO zip_registry VALUES ('99025', 'Newman Lake', 'WA');
INSERT INTO zip_registry VALUES ('99026', 'Nine Mile Falls', 'WA');
INSERT INTO zip_registry VALUES ('99027', 'Otis Orchards', 'WA');
INSERT INTO zip_registry VALUES ('99029', 'Reardan', 'WA');
INSERT INTO zip_registry VALUES ('99030', 'Rockford', 'WA');
INSERT INTO zip_registry VALUES ('99031', 'Spangle', 'WA');
INSERT INTO zip_registry VALUES ('99032', 'Sprague', 'WA');
INSERT INTO zip_registry VALUES ('99033', 'Tekoa', 'WA');
INSERT INTO zip_registry VALUES ('99034', 'Tumtum', 'WA');
INSERT INTO zip_registry VALUES ('99036', 'Valleyford', 'WA');
INSERT INTO zip_registry VALUES ('99037', 'Veradale', 'WA');
INSERT INTO zip_registry VALUES ('99040', 'Wellpinit', 'WA');
INSERT INTO zip_registry VALUES ('99101', 'Addy', 'WA');
INSERT INTO zip_registry VALUES ('99103', 'Almira', 'WA');
INSERT INTO zip_registry VALUES ('99105', 'Benge', 'WA');
INSERT INTO zip_registry VALUES ('99107', 'Boyds', 'WA');
INSERT INTO zip_registry VALUES ('99109', 'Chewelah', 'WA');
INSERT INTO zip_registry VALUES ('99110', 'Clayton', 'WA');
INSERT INTO zip_registry VALUES ('99111', 'Colfax', 'WA');
INSERT INTO zip_registry VALUES ('99113', 'Colton', 'WA');
INSERT INTO zip_registry VALUES ('99114', 'Colville', 'WA');
INSERT INTO zip_registry VALUES ('99115', 'Coulee City', 'WA');
INSERT INTO zip_registry VALUES ('99116', 'Coulee Dam', 'WA');
INSERT INTO zip_registry VALUES ('99117', 'Creston', 'WA');
INSERT INTO zip_registry VALUES ('99118', 'Curlew', 'WA');
INSERT INTO zip_registry VALUES ('99119', 'Cusick', 'WA');
INSERT INTO zip_registry VALUES ('99121', 'Danville', 'WA');
INSERT INTO zip_registry VALUES ('99122', 'Davenport', 'WA');
INSERT INTO zip_registry VALUES ('99123', 'Electric City', 'WA');
INSERT INTO zip_registry VALUES ('99125', 'Endicott', 'WA');
INSERT INTO zip_registry VALUES ('99126', 'Evans', 'WA');
INSERT INTO zip_registry VALUES ('99127', 'Saint John', 'WA');
INSERT INTO zip_registry VALUES ('99128', 'Farmington', 'WA');
INSERT INTO zip_registry VALUES ('99129', 'Fruitland', 'WA');
INSERT INTO zip_registry VALUES ('99130', 'Garfield', 'WA');
INSERT INTO zip_registry VALUES ('99131', 'Gifford', 'WA');
INSERT INTO zip_registry VALUES ('99133', 'Grand Coulee', 'WA');
INSERT INTO zip_registry VALUES ('99134', 'Harrington', 'WA');
INSERT INTO zip_registry VALUES ('99135', 'Hartline', 'WA');
INSERT INTO zip_registry VALUES ('99136', 'Hay', 'WA');
INSERT INTO zip_registry VALUES ('99137', 'Hunters', 'WA');
INSERT INTO zip_registry VALUES ('99138', 'Inchelium', 'WA');
INSERT INTO zip_registry VALUES ('99139', 'Ione', 'WA');
INSERT INTO zip_registry VALUES ('99140', 'Keller', 'WA');
INSERT INTO zip_registry VALUES ('99141', 'Kettle Falls', 'WA');
INSERT INTO zip_registry VALUES ('99143', 'Lacrosse', 'WA');
INSERT INTO zip_registry VALUES ('99144', 'Lamona', 'WA');
INSERT INTO zip_registry VALUES ('99147', 'Lincoln', 'WA');
INSERT INTO zip_registry VALUES ('99148', 'Loon Lake', 'WA');
INSERT INTO zip_registry VALUES ('99150', 'Malo', 'WA');
INSERT INTO zip_registry VALUES ('99153', 'Metaline Falls', 'WA');
INSERT INTO zip_registry VALUES ('99154', 'Mohler', 'WA');
INSERT INTO zip_registry VALUES ('99156', 'Newport', 'WA');
INSERT INTO zip_registry VALUES ('99157', 'Northport', 'WA');
INSERT INTO zip_registry VALUES ('99158', 'Oakesdale', 'WA');
INSERT INTO zip_registry VALUES ('99159', 'Odessa', 'WA');
INSERT INTO zip_registry VALUES ('99160', 'Orient', 'WA');
INSERT INTO zip_registry VALUES ('99161', 'Palouse', 'WA');
INSERT INTO zip_registry VALUES ('99163', 'Pullman', 'WA');
INSERT INTO zip_registry VALUES ('99166', 'Republic', 'WA');
INSERT INTO zip_registry VALUES ('99167', 'Rice', 'WA');
INSERT INTO zip_registry VALUES ('99169', 'Ritzville', 'WA');
INSERT INTO zip_registry VALUES ('99170', 'Rosalia', 'WA');
INSERT INTO zip_registry VALUES ('99171', 'Saint John', 'WA');
INSERT INTO zip_registry VALUES ('99173', 'Springdale', 'WA');
INSERT INTO zip_registry VALUES ('99176', 'Thornton', 'WA');
INSERT INTO zip_registry VALUES ('99179', 'Uniontown', 'WA');
INSERT INTO zip_registry VALUES ('99180', 'Usk', 'WA');
INSERT INTO zip_registry VALUES ('99181', 'Valley', 'WA');
INSERT INTO zip_registry VALUES ('99185', 'Wilbur', 'WA');
INSERT INTO zip_registry VALUES ('99201', 'Spokane', 'WA');
INSERT INTO zip_registry VALUES ('99202', 'Spokane', 'WA');
INSERT INTO zip_registry VALUES ('99203', 'Spokane', 'WA');
INSERT INTO zip_registry VALUES ('99204', 'Spokane', 'WA');
INSERT INTO zip_registry VALUES ('99205', 'Spokane', 'WA');
INSERT INTO zip_registry VALUES ('99206', 'Spokane', 'WA');
INSERT INTO zip_registry VALUES ('99207', 'Spokane', 'WA');
INSERT INTO zip_registry VALUES ('99208', 'Spokane', 'WA');
INSERT INTO zip_registry VALUES ('99212', 'Spokane', 'WA');
INSERT INTO zip_registry VALUES ('99216', 'Spokane', 'WA');
INSERT INTO zip_registry VALUES ('99217', 'Spokane', 'WA');
INSERT INTO zip_registry VALUES ('99218', 'Spokane', 'WA');
INSERT INTO zip_registry VALUES ('99223', 'Spokane', 'WA');
INSERT INTO zip_registry VALUES ('99224', 'Spokane', 'WA');
INSERT INTO zip_registry VALUES ('99301', 'Pasco', 'WA');
INSERT INTO zip_registry VALUES ('99320', 'Benton City', 'WA');
INSERT INTO zip_registry VALUES ('99321', 'Beverly', 'WA');
INSERT INTO zip_registry VALUES ('99322', 'Bickleton', 'WA');
INSERT INTO zip_registry VALUES ('99323', 'Burbank', 'WA');
INSERT INTO zip_registry VALUES ('99324', 'College Place', 'WA');
INSERT INTO zip_registry VALUES ('99326', 'Connell', 'WA');
INSERT INTO zip_registry VALUES ('99327', 'Cunningham', 'WA');
INSERT INTO zip_registry VALUES ('99328', 'Dayton', 'WA');
INSERT INTO zip_registry VALUES ('99330', 'Eltopia', 'WA');
INSERT INTO zip_registry VALUES ('99336', 'Kennewick', 'WA');
INSERT INTO zip_registry VALUES ('99337', 'Kennewick', 'WA');
INSERT INTO zip_registry VALUES ('99338', 'Kennewick', 'WA');
INSERT INTO zip_registry VALUES ('99341', 'Lind', 'WA');
INSERT INTO zip_registry VALUES ('99343', 'Mesa', 'WA');
INSERT INTO zip_registry VALUES ('99344', 'Othello', 'WA');
INSERT INTO zip_registry VALUES ('99347', 'Pomeroy', 'WA');
INSERT INTO zip_registry VALUES ('99348', 'Prescott', 'WA');
INSERT INTO zip_registry VALUES ('99349', 'Mattawa', 'WA');
INSERT INTO zip_registry VALUES ('99350', 'Prosser', 'WA');
INSERT INTO zip_registry VALUES ('99352', 'Richland', 'WA');
INSERT INTO zip_registry VALUES ('99353', 'West Richland', 'WA');
INSERT INTO zip_registry VALUES ('99354', 'Richland', 'WA');
INSERT INTO zip_registry VALUES ('99356', 'Roosevelt', 'WA');
INSERT INTO zip_registry VALUES ('99357', 'Royal City', 'WA');
INSERT INTO zip_registry VALUES ('99360', 'Touchet', 'WA');
INSERT INTO zip_registry VALUES ('99361', 'Waitsburg', 'WA');
INSERT INTO zip_registry VALUES ('99362', 'Walla Walla', 'WA');
INSERT INTO zip_registry VALUES ('99371', 'Washtucna', 'WA');
INSERT INTO zip_registry VALUES ('99401', 'Anatone', 'WA');
INSERT INTO zip_registry VALUES ('99402', 'Asotin', 'WA');
INSERT INTO zip_registry VALUES ('99403', 'Clarkston', 'WA');
